시군구,경도,위도,상해정도 정보,상해정도 갯수_x,상해정도 갯수_y
경기도 가평군 가평읍,127.506667167,37.824254721,경상: 7<br>중상: 2,7,7
경기도 가평군 북면,127.477707433,37.953505543,경상: 2<br>부상신고: 1<br>중상: 2,2,2
경기도 가평군 설악면,127.494964004,37.675368325,경상: 2,2,2
경기도 가평군 조종면,127.353240938,37.817484266,경상: 1<br>부상신고: 1,1,1
경기도 가평군 청평면,127.382398664,37.693011265,경상: 5<br>부상신고: 2<br>중상: 2,2,2
경기도 고양시 덕양구 고양동,126.899268487,37.70072271,경상: 11<br>중상: 6,2,2
경기도 고양시 덕양구 관산동,126.866420482,37.688323087,경상: 2<br>중상: 1,1,1
경기도 고양시 덕양구 내유동,126.858510539,37.721395634,경상: 3<br>중상: 1,1,1
경기도 고양시 덕양구 대자동,126.870940944,37.715012511,경상: 1,5,5
경기도 고양시 덕양구 대장동,126.812542829,37.63638365,부상신고: 1,2,2
경기도 고양시 덕양구 도내동,126.863205971,37.618072396,경상: 7<br>부상신고: 1<br>중상: 5,2,2
경기도 고양시 덕양구 동산동,126.899332448,37.646627966,경상: 3<br>중상: 1,11,11
경기도 고양시 덕양구 벽제동,126.905960791,37.724483488,경상: 1,6,6
경기도 고양시 덕양구 삼송동,126.893766654,37.652575387,경상: 4<br>부상신고: 1,2,2
경기도 고양시 덕양구 성사동,126.840160749,37.653969296,경상: 10<br>중상: 1,1,1
경기도 고양시 덕양구 신원동,126.875835398,37.677388303,경상: 7<br>부상신고: 1<br>중상: 2,3,3
경기도 고양시 덕양구 오금동,126.920632464,37.664067771,경상: 2,1,1
경기도 고양시 덕양구 용두동,126.887423092,37.628280864,경상: 1,1,1
경기도 고양시 덕양구 원흥동,126.870086333,37.649776166,경상: 1<br>중상: 1,1,1
경기도 고양시 덕양구 주교동,126.837048436,37.65769445,경상: 6<br>부상신고: 2<br>중상: 2,7,7
경기도 고양시 덕양구 토당동,126.824027852,37.626123302,경상: 8<br>중상: 3,1,1
경기도 고양시 덕양구 행신동,126.83146218,37.61971809,경상: 26<br>부상신고: 6<br>중상: 6,5,5
경기도 고양시 덕양구 행주내동,126.830348935,37.600290344,경상: 1,3,3
경기도 고양시 덕양구 향동동,126.890878135,37.599416445,경상: 2,1,1
경기도 고양시 덕양구 현천동,126.869778684,37.592257013,경상: 1,1,1
경기도 고양시 덕양구 화전동,126.872618993,37.600053687,부상신고: 1,4,4
경기도 고양시 덕양구 화정동,126.836760821,37.638139628,경상: 14<br>부상신고: 4<br>중상: 6,1,1
경기도 고양시 일산동구 마두동,126.785849386,37.664864013,경상: 5<br>부상신고: 2<br>중상: 2,10,10
경기도 고양시 일산동구 문봉동,126.827196365,37.701901283,경상: 2,1,1
경기도 고양시 일산동구 백석동,126.785526721,37.645870523,경상: 14<br>부상신고: 6<br>중상: 8,7,7
경기도 고양시 일산동구 사리현동,126.839177268,37.69566051,경상: 3,1,1
경기도 고양시 일산동구 성석동,126.810565126,37.691339616,경상: 1,2,2
경기도 고양시 일산동구 식사동,126.822099225,37.686628778,경상: 14<br>부상신고: 2<br>중상: 2,2,2
경기도 고양시 일산동구 장항동,126.773136813,37.656705918,경상: 6<br>부상신고: 4,1,1
경기도 고양시 일산동구 정발산동,126.779829804,37.672451345,경상: 9<br>중상: 1,1,1
경기도 고양시 일산동구 중산동,126.778476344,37.682462523,경상: 12<br>중상: 6,1,1
경기도 고양시 일산동구 지영동,126.83793196,37.712276561,경상: 1,6,6
경기도 고양시 일산동구 풍동,126.801454593,37.660963382,경상: 4<br>중상: 1,2,2
경기도 고양시 일산서구 가좌동,126.716539262,37.698961782,경상: 7<br>부상신고: 1<br>중상: 1,2,2
경기도 고양시 일산서구 대화동,126.735236092,37.67061204,경상: 7<br>부상신고: 4<br>중상: 2,8,8
경기도 고양시 일산서구 덕이동,126.758947338,37.693287533,경상: 9<br>부상신고: 1<br>중상: 2,3,3
경기도 고양시 일산서구 일산동,126.764425376,37.684947457,경상: 21<br>부상신고: 5<br>중상: 10,26,26
경기도 고양시 일산서구 주엽동,126.762798843,37.669037301,경상: 13<br>부상신고: 7<br>중상: 4,6,6
경기도 고양시 일산서구 탄현동,126.768395529,37.694334879,경상: 11<br>부상신고: 2<br>중상: 5,6,6
경기도 과천시 과천동,127.00983877,37.44719661,중상: 2,1,1
경기도 과천시 막계동,127.00343424,37.433924743,중상: 1,2,2
경기도 과천시 문원동,127.003408035,37.428882601,경상: 3<br>부상신고: 1,1,1
경기도 과천시 별양동,126.994243455,37.424304474,경상: 7<br>부상신고: 1<br>중상: 1,1,1
경기도 과천시 원문동,126.989665307,37.4214383,경상: 1<br>중상: 1,14,14
경기도 과천시 중앙동,126.986976922,37.42978497,경상: 2<br>부상신고: 1<br>중상: 1,4,4
경기도 광명시 가학동,126.862391321,37.413685145,경상: 1,6,6
경기도 광명시 광명동,126.849810865,37.469037855,경상: 25<br>부상신고: 6<br>중상: 2,5,5
경기도 광명시 소하동,126.885078875,37.44874268,경상: 12<br>부상신고: 8<br>사망: 1<br>중상: 3,2,2
경기도 광명시 일직동,126.884867886,37.416344374,경상: 1<br>부상신고: 3<br>중상: 2,2,2
경기도 광명시 철산동,126.865199679,37.471496322,경상: 7<br>부상신고: 9<br>중상: 8,2,2
경기도 광명시 하안동,126.861074276,37.453973169,경상: 10<br>부상신고: 8<br>중상: 3,14,14
경기도 광주시 경안동,127.249303871,37.407120908,경상: 8<br>부상신고: 2<br>중상: 5,6,6
경기도 광주시 곤지암읍,127.352365833,37.350916125,경상: 7<br>중상: 2,8,8
경기도 광주시 남한산성면,127.24466428,37.463326949,경상: 1,3,3
경기도 광주시 도척면,127.33125898,37.304661231,경상: 1<br>중상: 2,1,1
경기도 광주시 목현동,127.231868345,37.436750702,경상: 1<br>부상신고: 1,14,14
경기도 광주시 송정동,127.258575056,37.415460857,경상: 8<br>부상신고: 1<br>중상: 3,2,2
경기도 광주시 쌍령동,127.269725254,37.404982445,경상: 8<br>중상: 5,2,2
경기도 광주시 역동,127.255674591,37.402747071,경상: 4<br>부상신고: 2<br>중상: 1,6,6
경기도 광주시 오포읍,0.0,0.0,경상: 33<br>부상신고: 2<br>중상: 17,4,4
경기도 광주시 장지동,127.237678377,37.399823682,경상: 6<br>중상: 3,9,9
경기도 광주시 중대동,127.204530097,37.408254072,부상신고: 1<br>중상: 1,1,1
경기도 광주시 초월읍,127.2900248,37.390163316,경상: 3<br>부상신고: 1<br>중상: 4,12,12
경기도 광주시 탄벌동,127.248748679,37.416436001,경상: 9<br>부상신고: 2<br>중상: 7,6,6
경기도 광주시 태전동,127.234459156,37.384482588,경상: 14<br>부상신고: 4<br>중상: 2,1,1
경기도 광주시 퇴촌면,127.307065598,37.466682472,경상: 10<br>중상: 3,4,4
경기도 광주시 회덕동,127.245679803,37.42673689,경상: 5,1,1
경기도 구리시 갈매동,127.12026598,37.640044017,경상: 7<br>부상신고: 1<br>중상: 3,7,7
경기도 구리시 교문동,127.128960996,37.595220456,경상: 7<br>부상신고: 4<br>사망: 1<br>중상: 2,1,1
경기도 구리시 수택동,127.147630257,37.595440608,경상: 16<br>중상: 2,1,1
경기도 구리시 인창동,127.141799887,37.603794355,경상: 15<br>부상신고: 2<br>중상: 5,7,7
경기도 구리시 토평동,127.14542395,37.590731671,경상: 3<br>중상: 1,4,4
경기도 군포시 금정동,126.929541487,37.351034771,경상: 15<br>부상신고: 1<br>중상: 6,2,2
경기도 군포시 당동,126.942569678,37.352034537,경상: 16<br>부상신고: 3<br>중상: 8,9,9
경기도 군포시 당정동,126.951293108,37.34425951,경상: 2<br>중상: 5,1,1
경기도 군포시 대야미동,126.915930386,37.329641249,경상: 1,2,2
경기도 군포시 도마교동,126.915515198,37.31446481,경상: 2<br>중상: 1,21,21
경기도 군포시 둔대동,126.914595953,37.328540237,경상: 2<br>중상: 1,5,5
경기도 군포시 부곡동,126.935658568,37.324101581,경상: 5<br>중상: 1,10,10
경기도 군포시 산본동,126.939783592,37.373705836,경상: 18<br>부상신고: 3<br>중상: 11,13,13
경기도 김포시 감정동,126.700109593,37.623188163,경상: 9<br>중상: 5,7,7
경기도 김포시 걸포동,126.711417555,37.631395834,경상: 7<br>부상신고: 1<br>중상: 2,4,4
경기도 김포시 고촌읍,126.771020305,37.603295404,경상: 12<br>부상신고: 1<br>중상: 1,11,11
경기도 김포시 구래동,126.623680109,37.646492251,경상: 18<br>부상신고: 1<br>중상: 5,2,2
경기도 김포시 대곶면,126.581898854,37.64908739,경상: 3<br>중상: 2,5,5
경기도 김포시 마산동,126.649429083,37.640887441,경상: 3<br>부상신고: 5<br>중상: 1,2,2
경기도 김포시 북변동,126.72020436,37.625552181,경상: 3<br>부상신고: 3,1,1
경기도 김포시 사우동,126.711730001,37.620916183,경상: 4<br>중상: 2,3,3
경기도 김포시 양촌읍,126.601307917,37.619370145,경상: 8<br>중상: 4,1,1
경기도 김포시 운양동,126.700928533,37.64684744,경상: 12<br>부상신고: 2<br>중상: 7,7,7
경기도 김포시 장기동,126.671712185,37.652301413,경상: 24<br>부상신고: 3<br>사망: 1<br>중상: 12,1,1
경기도 김포시 통진읍,126.597295654,37.691790782,경상: 11<br>부상신고: 3<br>사망: 1<br>중상: 3,1,1
경기도 김포시 풍무동,126.721975498,37.602409177,경상: 18<br>부상신고: 1<br>중상: 3,1,1
경기도 김포시 하성면,126.631333668,37.720183421,경상: 1<br>중상: 1,1,1
경기도 남양주시 금곡동,127.198047189,37.633064043,경상: 4<br>중상: 1,2,2
경기도 남양주시 다산동,127.160914378,37.615288279,경상: 25<br>부상신고: 6<br>중상: 10,1,1
경기도 남양주시 도농동,127.153153436,37.600479995,경상: 1<br>부상신고: 1<br>중상: 2,1,1
경기도 남양주시 별내동,127.121891294,37.646178331,경상: 24<br>부상신고: 4<br>중상: 9,1,1
경기도 남양주시 별내면,127.125012642,37.702701293,경상: 6<br>중상: 1,25,25
경기도 남양주시 수동면,127.320540837,37.709712049,경상: 2<br>중상: 1,6,6
경기도 남양주시 수석동,127.170363413,37.588234804,중상: 1,2,2
경기도 남양주시 오남읍,127.213222715,37.695002146,경상: 20<br>부상신고: 2<br>중상: 5,12,12
경기도 남양주시 와부읍,127.216645799,37.585349545,경상: 14<br>부상신고: 6<br>중상: 6,8,8
경기도 남양주시 일패동,127.187141768,37.616355955,경상: 1,1,1
경기도 남양주시 조안면,127.339596916,37.598051713,경상: 4<br>부상신고: 2<br>중상: 1,3,3
경기도 남양주시 지금동,127.160961902,37.602343459,경상: 3,1,1
경기도 남양주시 진건읍,127.198017466,37.642162628,경상: 9<br>부상신고: 1<br>중상: 3,3,3
경기도 남양주시 진접읍,127.189898613,37.726395647,경상: 42<br>부상신고: 3<br>중상: 15,2,2
경기도 남양주시 퇴계원면,0.0,0.0,경상: 11<br>부상신고: 2<br>중상: 4,7,7
경기도 남양주시 퇴계원읍,127.144653406,37.649341461,경상: 2<br>중상: 1,9,9
경기도 남양주시 평내동,127.234192456,37.652978129,경상: 7<br>부상신고: 2<br>중상: 5,8,8
경기도 남양주시 호평동,127.258948348,37.654734728,경상: 18<br>부상신고: 2<br>중상: 6,10,10
경기도 남양주시 화도읍,127.347792117,37.658232713,경상: 43<br>부상신고: 4<br>중상: 14,8,8
경기도 동두천시 보산동,127.061309162,37.917660733,경상: 1<br>부상신고: 1,3,3
경기도 동두천시 상패동,127.044017154,37.905571054,경상: 1,8,8
경기도 동두천시 생연동,127.060298175,37.903604474,경상: 9<br>부상신고: 2<br>사망: 1<br>중상: 5,2,2
경기도 동두천시 송내동,127.053230577,37.890882556,경상: 2<br>중상: 3,5,5
경기도 동두천시 지행동,127.053230577,37.890882556,경상: 15<br>부상신고: 5<br>중상: 5,7,7
경기도 동두천시 탑동동,127.092658621,37.891840045,중상: 1,2,2
경기도 부천시 고강동,126.822046373,37.532176655,경상: 15<br>부상신고: 2<br>중상: 3,1,1
경기도 부천시 괴안동,126.815074946,37.485386316,경상: 12<br>중상: 3,1,1
경기도 부천시 내동,126.784962676,37.522509751,경상: 3<br>부상신고: 2<br>중상: 2,2,2
경기도 부천시 도당동,126.785369128,37.506146547,경상: 9<br>부상신고: 1,1,1
경기도 부천시 범박동,126.809367268,37.470161555,경상: 4<br>중상: 3,1,1
경기도 부천시 삼정동,126.772727951,37.520823463,경상: 1,8,8
경기도 부천시 상동,126.753266157,37.501732632,경상: 23<br>부상신고: 5<br>중상: 8,1,1
경기도 부천시 소사동,126.794625684,37.485881821,경상: 3,3,3
경기도 부천시 소사본동,126.791032446,37.482247191,경상: 19<br>부상신고: 1<br>중상: 5,8,8
경기도 부천시 송내동,126.772994787,37.484251136,경상: 19<br>중상: 2,5,5
경기도 부천시 심곡동,126.778717315,37.488281967,경상: 20<br>부상신고: 3<br>중상: 2,4,4
경기도 부천시 심곡본동,126.774631728,37.483618629,경상: 14<br>부상신고: 1<br>중상: 5,2,2
경기도 부천시 약대동,126.771315108,37.513304959,경상: 2<br>부상신고: 1,1,1
경기도 부천시 여월동,126.80177303,37.513741908,경상: 2<br>부상신고: 2<br>중상: 1,33,33
경기도 부천시 역곡동,126.808238875,37.484989026,경상: 8<br>부상신고: 1<br>중상: 5,2,2
경기도 부천시 오정동,126.78330587,37.524368616,경상: 14<br>부상신고: 3<br>중상: 2,17,17
경기도 부천시 옥길동,126.821866043,37.471659246,경상: 5<br>중상: 3,6,6
경기도 부천시 원미동,126.791459053,37.493847292,경상: 16<br>부상신고: 1<br>중상: 5,3,3
경기도 부천시 원종동,126.807878455,37.518649916,경상: 22<br>부상신고: 2<br>중상: 12,1,1
경기도 부천시 작동,126.815587049,37.51194434,경상: 3,1,1
경기도 부천시 중동,126.766975736,37.490874344,경상: 53<br>부상신고: 10<br>중상: 16,3,3
경기도 부천시 춘의동,126.783103753,37.50153198,경상: 9<br>중상: 3,1,1
경기도 성남시 분당구 구미동,127.127977301,37.342071447,경상: 7<br>중상: 4,4,4
경기도 성남시 분당구 금곡동,127.102637513,37.358817838,경상: 3<br>중상: 1,9,9
경기도 성남시 분당구 백현동,127.110835058,37.388555713,경상: 4<br>중상: 2,2,2
경기도 성남시 분당구 분당동,127.131120893,37.370215106,경상: 3,7,7
경기도 성남시 분당구 삼평동,127.11631699,37.406123269,경상: 3<br>부상신고: 1<br>중상: 2,14,14
경기도 성남시 분당구 서현동,127.14065569,37.385123146,경상: 10<br>부상신고: 6<br>중상: 7,4,4
경기도 성남시 분당구 수내동,127.12796322,37.366794771,경상: 18<br>부상신고: 3<br>사망: 1<br>중상: 7,2,2
경기도 성남시 분당구 야탑동,127.151958672,37.406527076,경상: 13<br>부상신고: 4<br>중상: 4,10,10
경기도 성남시 분당구 운중동,127.082974541,37.3941184,경상: 9<br>중상: 3,3,3
경기도 성남시 분당구 이매동,127.132506795,37.398874717,경상: 4<br>부상신고: 1<br>중상: 1,5,5
경기도 성남시 분당구 정자동,127.105004643,37.362995893,경상: 9<br>부상신고: 1<br>중상: 7,7,7
경기도 성남시 분당구 판교동,127.099368095,37.386686564,경상: 11<br>중상: 4,1,1
경기도 성남시 수정구 고등동,127.09434686,37.430306135,중상: 1,3,3
경기도 성남시 수정구 단대동,127.159963166,37.456195154,경상: 3<br>부상신고: 1<br>중상: 3,7,7
경기도 성남시 수정구 둔전동,127.113255527,37.427868197,중상: 1,4,4
경기도 성남시 수정구 복정동,127.126679942,37.461835522,경상: 1<br>부상신고: 1,1,1
경기도 성남시 수정구 산성동,127.154357478,37.455228735,경상: 3<br>부상신고: 1,2,2
경기도 성남시 수정구 수진동,127.12520741,37.434326717,경상: 9<br>부상신고: 1<br>중상: 6,16,16
경기도 성남시 수정구 신흥동,127.148322627,37.44252876,경상: 10<br>중상: 5,2,2
경기도 성남시 수정구 양지동,127.160935055,37.454875437,경상: 3<br>중상: 1,15,15
경기도 성남시 수정구 창곡동,127.14269524,37.473448128,경상: 18<br>부상신고: 4<br>중상: 4,2,2
경기도 성남시 수정구 태평동,127.134346407,37.445031852,경상: 23<br>중상: 5,5,5
경기도 성남시 중원구 금광동,127.159518104,37.444126352,경상: 10<br>부상신고: 2<br>중상: 3,3,3
경기도 성남시 중원구 도촌동,127.152768327,37.416517412,경상: 1<br>부상신고: 3<br>중상: 5,1,1
경기도 성남시 중원구 상대원동,127.170544263,37.442152508,경상: 20<br>부상신고: 4<br>중상: 6,15,15
경기도 성남시 중원구 성남동,127.133066079,37.433773898,경상: 8<br>부상신고: 2<br>중상: 4,1,1
경기도 성남시 중원구 여수동,127.128184075,37.41740859,경상: 1<br>중상: 1,6,6
경기도 성남시 중원구 은행동,127.171314981,37.462342618,경상: 8<br>부상신고: 1<br>사망: 1<br>중상: 2,16,16
경기도 성남시 중원구 중앙동,127.149447864,37.435867083,경상: 2<br>부상신고: 1<br>중상: 2,3,3
경기도 성남시 중원구 하대원동,127.130617634,37.428698803,경상: 6<br>부상신고: 1<br>중상: 4,8,8
경기도 수원시 권선구 고색동,126.976423886,37.252388122,경상: 6<br>부상신고: 1<br>중상: 1,2,2
경기도 수원시 권선구 곡반정동,127.031458597,37.24050777,경상: 6<br>중상: 4,5,5
경기도 수원시 권선구 구운동,126.97146995,37.27712319,경상: 8<br>중상: 2,1,1
경기도 수원시 권선구 권선동,127.024604685,37.257752207,경상: 28<br>부상신고: 5<br>중상: 10,2,2
경기도 수원시 권선구 금곡동,126.952164948,37.27272821,경상: 10<br>부상신고: 4<br>중상: 6,1,1
경기도 수원시 권선구 당수동,126.941781996,37.291588262,경상: 2<br>부상신고: 1<br>중상: 1,2,2
경기도 수원시 권선구 서둔동,126.982870101,37.270810186,경상: 5<br>부상신고: 1<br>중상: 4,1,1
경기도 수원시 권선구 세류동,127.004308246,37.259875776,경상: 25<br>부상신고: 2<br>중상: 7,5,5
경기도 수원시 권선구 오목천동,126.966940999,37.246570905,경상: 7<br>중상: 2,1,1
경기도 수원시 권선구 탑동,126.971640503,37.272554491,경상: 13<br>중상: 5,18,18
경기도 수원시 권선구 호매실동,126.957064977,37.2662411,경상: 9<br>부상신고: 2<br>중상: 9,3,3
경기도 수원시 영통구 망포동,127.055574904,37.239632973,경상: 7<br>부상신고: 4<br>중상: 6,11,11
경기도 수원시 영통구 매탄동,127.042180623,37.273076385,경상: 22<br>중상: 6,9,9
경기도 수원시 영통구 신동,127.044660614,37.24989888,중상: 3,5,5
경기도 수원시 영통구 영통동,127.074368497,37.260666565,경상: 12<br>부상신고: 1<br>사망: 1<br>중상: 9,7,7
경기도 수원시 영통구 원천동,127.053262422,37.273488805,경상: 4<br>부상신고: 1<br>중상: 2,1,1
경기도 수원시 영통구 이의동,127.043001034,37.310673163,경상: 5<br>부상신고: 3<br>중상: 3,2,2
경기도 수원시 영통구 하동,127.084066357,37.289915141,경상: 10<br>중상: 2,12,12
경기도 수원시 장안구 송죽동,127.000153376,37.304243796,경상: 8<br>부상신고: 2<br>중상: 3,1,1
경기도 수원시 장안구 연무동,127.029666687,37.294988651,경상: 6<br>부상신고: 2<br>중상: 1,1,1
경기도 수원시 장안구 영화동,127.013929585,37.293165542,경상: 16<br>중상: 7,18,18
경기도 수원시 장안구 율전동,126.965223894,37.303024467,경상: 1<br>부상신고: 1<br>중상: 6,1,1
경기도 수원시 장안구 정자동,127.000146142,37.291376922,경상: 40<br>부상신고: 9<br>중상: 14,5,5
경기도 수원시 장안구 조원동,127.014847587,37.29729384,경상: 15<br>부상신고: 1<br>중상: 8,3,3
경기도 수원시 장안구 천천동,126.973483065,37.301479119,경상: 11<br>중상: 5,2,2
경기도 수원시 장안구 파장동,126.997419533,37.310318871,경상: 1<br>부상신고: 2<br>중상: 6,3,3
경기도 수원시 팔달구 고등동,127.001130374,37.273453417,경상: 6<br>중상: 1,5,5
경기도 수원시 팔달구 남수동,127.019029246,37.278591566,경상: 2,1,1
경기도 수원시 팔달구 남창동,127.015796595,37.277977981,경상: 1,3,3
경기도 수원시 팔달구 매산로2가,127.006470242,37.267082148,경상: 1,3,3
경기도 수원시 팔달구 매산로3가,127.009638804,37.274658312,경상: 2,4,4
경기도 수원시 팔달구 신풍동,127.012644261,37.284042826,부상신고: 1,2,2
경기도 수원시 팔달구 영동,127.019366487,37.275479103,경상: 1,8,8
경기도 수원시 팔달구 우만동,127.042702439,37.277528275,경상: 7<br>부상신고: 4<br>중상: 3,4,4
경기도 수원시 팔달구 인계동,127.036474037,37.264441183,경상: 9<br>부상신고: 3<br>중상: 4,12,12
경기도 수원시 팔달구 장안동,127.013907163,37.285708119,중상: 1,2,2
경기도 수원시 팔달구 지동,127.028447197,37.282030015,경상: 2<br>중상: 2,7,7
경기도 수원시 팔달구 화서동,126.994317372,37.283355919,경상: 22<br>부상신고: 2<br>중상: 2,24,24
경기도 시흥시 거모동,126.784584953,37.340785753,경상: 7<br>부상신고: 1<br>중상: 4,3,3
경기도 시흥시 계수동,126.811554687,37.443552414,경상: 1,1,1
경기도 시흥시 군자동,126.788048783,37.360892611,부상신고: 1,12,12
경기도 시흥시 논곡동,126.852674993,37.403481379,경상: 1,11,11
경기도 시흥시 능곡동,126.816190606,37.366433935,경상: 7<br>중상: 4,3,3
경기도 시흥시 대야동,126.783859992,37.466418608,경상: 15<br>부상신고: 2<br>사망: 1<br>중상: 2,1,1
경기도 시흥시 도창동,126.821891586,37.402596847,경상: 1<br>중상: 1,3,3
경기도 시흥시 매화동,126.815543534,37.417676947,경상: 6<br>중상: 1,18,18
경기도 시흥시 목감동,126.860614561,37.382431226,경상: 3<br>중상: 1,1,1
경기도 시흥시 미산동,126.78039019,37.420366823,경상: 3<br>부상신고: 1,3,3
경기도 시흥시 배곧동,126.712016791,37.362300232,경상: 8<br>부상신고: 2<br>중상: 2,1,1
경기도 시흥시 산현동,126.829605156,37.36503583,부상신고: 1,1,1
경기도 시흥시 신천동,126.781785829,37.435427816,경상: 20<br>부상신고: 3<br>사망: 1<br>중상: 6,4,4
경기도 시흥시 안현동,126.807719248,37.428045815,경상: 1,1,1
경기도 시흥시 월곶동,126.740053331,37.388585366,경상: 1<br>중상: 2,25,25
경기도 시흥시 은행동,126.797289024,37.432482435,경상: 18<br>부상신고: 2<br>중상: 6,6,6
경기도 시흥시 장곡동,126.783163896,37.379710788,경상: 7<br>부상신고: 3<br>중상: 4,10,10
경기도 시흥시 장현동,126.80132824,37.381872756,경상: 2<br>부상신고: 2,1,1
경기도 시흥시 정왕동,126.677721868,37.325509144,경상: 56<br>부상신고: 10<br>사망: 2<br>중상: 32,1,1
경기도 시흥시 조남동,126.857340781,37.384617037,경상: 6<br>부상신고: 2<br>중상: 1,2,2
경기도 시흥시 죽율동,126.76261082,37.355723087,경상: 2<br>사망: 1,24,24
경기도 시흥시 포동,126.784609999,37.406175504,경상: 1<br>중상: 1,4,4
경기도 시흥시 하상동,126.813885888,37.391819871,경상: 3,9,9
경기도 시흥시 하중동,126.803961668,37.402704147,경상: 3<br>부상신고: 2<br>중상: 1,6,6
경기도 안산시 단원구 고잔동,126.820844528,37.328797558,경상: 19<br>부상신고: 3<br>중상: 9,1,1
경기도 안산시 단원구 대부동동,126.591276852,37.236411872,경상: 1<br>중상: 1,2,2
경기도 안산시 단원구 대부북동,126.560386358,37.276889858,경상: 4<br>중상: 1,1,1
경기도 안산시 단원구 목내동,126.779307309,37.310818574,경상: 1,1,1
경기도 안산시 단원구 선감동,126.636738413,37.2179655,중상: 1,20,20
경기도 안산시 단원구 선부동,126.804487396,37.345039109,경상: 42<br>부상신고: 9<br>사망: 1<br>중상: 17,2,2
경기도 안산시 단원구 신길동,126.759950826,37.336848874,경상: 8<br>부상신고: 1<br>중상: 5,5,5
경기도 안산시 단원구 와동,126.82348961,37.333874025,경상: 24<br>부상신고: 2<br>중상: 6,14,14
경기도 안산시 단원구 원곡동,126.791077019,37.330013189,경상: 18<br>부상신고: 3<br>중상: 4,6,6
경기도 안산시 단원구 초지동,126.809955243,37.325062742,경상: 15<br>부상신고: 2<br>중상: 3,6,6
경기도 안산시 상록구 건건동,126.90214207,37.30352437,경상: 4,1,1
경기도 안산시 상록구 본오동,126.8632174,37.293757467,경상: 54<br>부상신고: 10<br>상해없음: 1<br>중상: 21,4,4
경기도 안산시 상록구 부곡동,126.859852786,37.307603383,경상: 17<br>부상신고: 3<br>중상: 10,2,2
경기도 안산시 상록구 사동,126.851027701,37.296374427,경상: 41<br>부상신고: 4<br>중상: 9,1,1
경기도 안산시 상록구 사사동,126.922758296,37.298663881,경상: 1,3,3
경기도 안산시 상록구 성포동,126.849510061,37.320646254,경상: 3<br>부상신고: 2<br>중상: 2,9,9
경기도 안산시 상록구 수암동,126.883278882,37.364352291,경상: 4<br>중상: 3,1,1
경기도 안산시 상록구 월피동,126.84327409,37.334610148,경상: 13<br>중상: 5,3,3
경기도 안산시 상록구 이동,126.859852786,37.307603383,경상: 4<br>부상신고: 1<br>사망: 1<br>중상: 4,42,42
경기도 안산시 상록구 일동,126.859852786,37.307603383,경상: 13<br>부상신고: 1<br>중상: 9,3,3
경기도 안산시 상록구 장상동,126.877750205,37.349148685,중상: 1,15,15
경기도 안성시 공도읍,127.210155975,37.009039636,경상: 16<br>부상신고: 4<br>중상: 11,11,11
경기도 안성시 구포동,127.273087137,37.011531553,경상: 2<br>중상: 1,2,2
경기도 안성시 금광면,127.317530872,36.997228774,경상: 1<br>중상: 1,4,4
경기도 안성시 금산동,127.270239191,37.011735166,경상: 3,2,2
경기도 안성시 낙원동,127.274523013,37.005363943,부상신고: 1,1,1
경기도 안성시 당왕동,127.257715975,37.014227704,경상: 7<br>부상신고: 2<br>중상: 3,7,7
경기도 안성시 대덕면,127.237878101,37.01242013,경상: 5<br>부상신고: 1<br>사망: 1<br>중상: 1,2,2
경기도 안성시 대천동,127.269125193,37.008656932,경상: 1<br>부상신고: 1<br>중상: 1,5,5
경기도 안성시 동본동,127.271369874,37.00561634,경상: 1,18,18
경기도 안성시 보개면,127.290889329,37.023008952,중상: 1,2,2
경기도 안성시 봉남동,127.275667041,37.005545707,경상: 1<br>중상: 1,6,6
경기도 안성시 삼죽면,127.374825398,37.07303476,경상: 1,43,43
경기도 안성시 석정동,127.263479002,37.008237589,경상: 3<br>부상신고: 1,4,4
경기도 안성시 숭인동,127.274508368,37.009277425,경상: 1,14,14
경기도 안성시 신흥동,127.268218768,37.002599893,중상: 1,1,1
경기도 안성시 아양동,127.263139571,37.00768705,경상: 3,1,1
경기도 안성시 연지동,127.271320203,37.012004658,경상: 1,1,1
경기도 안성시 영동,127.274266353,37.005661207,부상신고: 1,9,9
경기도 안성시 옥산동,127.259380312,37.007605803,중상: 1,2,2
경기도 안성시 원곡면,127.127527494,37.035707326,부상신고: 1,1,1
경기도 안성시 인지동,127.269642408,37.005662907,부상신고: 1<br>중상: 1,5,5
경기도 안성시 일죽면,127.504630788,37.105617211,경상: 1<br>부상신고: 1<br>중상: 1,2,2
경기도 안성시 죽산면,127.422475382,37.078556986,경상: 2,3,3
경기도 안성시 중리동,127.281545697,36.970892837,경상: 1,15,15
경기도 안양시 동안구 관양동,126.960245718,37.398368484,경상: 14<br>부상신고: 1<br>중상: 7,5,5
경기도 안양시 동안구 비산동,126.951334333,37.394616145,경상: 9<br>부상신고: 1<br>중상: 6,5,5
경기도 안양시 동안구 평촌동,126.966864104,37.385472304,경상: 15<br>부상신고: 2<br>중상: 5,1,1
경기도 안양시 동안구 호계동,126.955156485,37.385635514,경상: 23<br>부상신고: 2<br>중상: 6,15,15
경기도 안양시 만안구 박달동,126.911908053,37.406292999,경상: 10<br>중상: 2,2,2
경기도 안양시 만안구 석수동,126.9093381,37.417629471,경상: 6<br>중상: 4,3,3
경기도 안양시 만안구 안양동,126.918466228,37.396115398,경상: 15<br>부상신고: 2<br>중상: 12,12,12
경기도 양주시 고암동,127.074255921,37.832111062,경상: 3<br>중상: 4,3,3
경기도 양주시 고읍동,127.08160231,37.804735664,경상: 3<br>부상신고: 1,3,3
경기도 양주시 광사동,127.080172302,37.791309945,경상: 5<br>중상: 3,2,2
경기도 양주시 광적면,126.985378482,37.824152444,경상: 6<br>중상: 1,2,2
경기도 양주시 남면,126.98060689,37.881645252,중상: 1,9,9
경기도 양주시 덕계동,127.061323004,37.811379233,경상: 9<br>부상신고: 1<br>사망: 1<br>중상: 1,1,1
경기도 양주시 덕정동,127.066736317,37.845486677,경상: 6<br>부상신고: 1<br>중상: 3,4,4
경기도 양주시 마전동,127.049330771,37.775356304,경상: 1,3,3
경기도 양주시 만송동,127.085408417,37.80239217,부상신고: 1,1,1
경기도 양주시 백석읍,126.999564627,37.799743908,경상: 10<br>부상신고: 1<br>중상: 2,23,23
경기도 양주시 삼숭동,127.089176955,37.800493999,경상: 8<br>중상: 1,5,5
경기도 양주시 옥정동,127.096501779,37.817674033,경상: 10<br>부상신고: 1<br>사망: 1<br>중상: 6,8,8
경기도 양주시 장흥면,126.950288747,37.747055745,중상: 1,3,3
경기도 양주시 회정동,127.051226197,37.829683229,경상: 2,19,19
경기도 양평군 강상면,127.467486042,37.489388816,중상: 1,1,1
경기도 양평군 개군면,127.542255253,37.428215532,경상: 1,5,5
경기도 양평군 단월면,127.665300336,37.554919248,부상신고: 1<br>중상: 1,19,19
경기도 양평군 서종면,127.35458907,37.626364729,경상: 1<br>중상: 3,2,2
경기도 양평군 양서면,127.326506482,37.543315073,경상: 1,20,20
경기도 양평군 양평읍,127.471664306,37.503393093,경상: 11<br>부상신고: 2<br>중상: 5,3,3
경기도 양평군 옥천면,127.437534563,37.511708649,부상신고: 1,2,2
경기도 양평군 용문면,127.62009287,37.499893058,경상: 2<br>부상신고: 1<br>중상: 4,14,14
경기도 여주시 가남읍,127.545140688,37.20179825,경상: 1<br>중상: 2,1,1
경기도 여주시 교동,127.626881359,37.282201867,중상: 1,5,5
경기도 여주시 대신면,127.586563674,37.375062178,중상: 1,2,2
경기도 여주시 북내면,127.678947991,37.32934211,경상: 1<br>중상: 1,1,1
경기도 여주시 상동,127.639483457,37.294551197,경상: 3,2,2
경기도 여주시 연양동,127.666411908,37.293416902,경상: 1<br>중상: 1,2,2
경기도 여주시 오학동,127.644325292,37.309709934,부상신고: 1<br>중상: 2,1,1
경기도 여주시 월송동,127.624064614,37.291928768,중상: 1,8,8
경기도 여주시 점봉동,127.638085232,37.260931895,사망: 1,1,1
경기도 여주시 창동,127.635851536,37.294510357,경상: 1,5,5
경기도 여주시 천송동,127.652404207,37.301405311,경상: 1,14,14
경기도 여주시 하동,127.627406422,37.301303569,경상: 3<br>중상: 3,3,3
경기도 여주시 현암동,127.639915048,37.304511761,중상: 1,2,2
경기도 여주시 홍문동,127.637324697,37.298318067,경상: 2<br>중상: 1,5,5
경기도 연천군 연천읍,127.075220758,38.096498766,경상: 1,3,3
경기도 연천군 전곡읍,127.06373345,38.028017418,경상: 3<br>사망: 1<br>중상: 9,16,16
경기도 오산시 가수동,127.052984272,37.14566342,경상: 1<br>중상: 1,1,1
경기도 오산시 갈곶동,127.069034036,37.128690314,부상신고: 4,5,5
경기도 오산시 고현동,127.080165423,37.135539205,경상: 1<br>부상신고: 1<br>중상: 2,22,22
경기도 오산시 궐동,127.065068188,37.157576479,경상: 4<br>부상신고: 2<br>중상: 2,2,2
경기도 오산시 금암동,127.054569681,37.176645589,경상: 12<br>부상신고: 3<br>중상: 5,12,12
경기도 오산시 내삼미동,127.061445369,37.186131532,경상: 3<br>부상신고: 3<br>중상: 1,3,3
경기도 오산시 누읍동,127.048772975,37.141433482,경상: 1<br>중상: 2,53,53
경기도 오산시 벌음동,127.037064087,37.136330216,경상: 1<br>중상: 1,10,10
경기도 오산시 부산동,127.09101912,37.14808266,경상: 2<br>중상: 2,16,16
경기도 오산시 서동,127.039366716,37.149369924,경상: 1,9,9
경기도 오산시 세교동,127.044526917,37.193685393,경상: 3<br>부상신고: 3<br>중상: 1,3,3
경기도 오산시 수청동,127.06686409,37.169780934,경상: 6<br>부상신고: 2<br>중상: 2,7,7
경기도 오산시 오산동,127.068208296,37.151365483,경상: 15<br>부상신고: 1<br>중상: 8,4,4
경기도 오산시 외삼미동,127.049013417,37.18461137,경상: 2,3,3
경기도 오산시 원동,127.072802388,37.131752891,경상: 20<br>부상신고: 2<br>중상: 5,1,1
경기도 오산시 은계동,127.070273858,37.158786407,경상: 1<br>부상신고: 3,4,4
경기도 오산시 청호동,127.084106029,37.132159597,경상: 1,2,2
경기도 용인시 기흥구 고매동,127.110321585,37.229568944,경상: 2,3,3
경기도 용인시 기흥구 공세동,127.107170046,37.236095729,경상: 3<br>부상신고: 4<br>중상: 1,3,3
경기도 용인시 기흥구 구갈동,127.127536302,37.272413697,경상: 8<br>부상신고: 2<br>중상: 2,1,1
경기도 용인시 기흥구 동백동,127.153874501,37.279635669,경상: 9<br>부상신고: 1<br>중상: 4,2,2
경기도 용인시 기흥구 마북동,127.117418067,37.301651744,경상: 4<br>부상신고: 1<br>중상: 3,10,10
경기도 용인시 기흥구 보라동,127.124792902,37.264833701,경상: 14<br>부상신고: 1<br>중상: 2,6,6
경기도 용인시 기흥구 보정동,127.111096525,37.308134721,경상: 7<br>부상신고: 3<br>상해없음: 1<br>중상: 2,7,7
경기도 용인시 기흥구 상갈동,127.106214473,37.267190285,경상: 2<br>부상신고: 1,18,18
경기도 용인시 기흥구 상하동,127.149900171,37.255043627,경상: 7<br>중상: 1,3,3
경기도 용인시 기흥구 서천동,127.073345043,37.246779304,경상: 5<br>부상신고: 1<br>중상: 3,1,1
경기도 용인시 기흥구 신갈동,127.110288839,37.283281362,경상: 9<br>부상신고: 1,7,7
경기도 용인시 기흥구 언남동,127.11898126,37.296764416,경상: 3<br>부상신고: 2<br>중상: 2,13,13
경기도 용인시 기흥구 영덕동,127.074519029,37.277834681,경상: 10<br>부상신고: 2<br>중상: 1,4,4
경기도 용인시 기흥구 중동,127.148951607,37.266316064,경상: 8<br>부상신고: 2<br>중상: 8,4,4
경기도 용인시 기흥구 청덕동,127.154490765,37.29924151,부상신고: 1,9,9
경기도 용인시 수지구 고기동,127.065698679,37.359136784,중상: 1,3,3
경기도 용인시 수지구 동천동,127.080471749,37.338716311,경상: 10<br>중상: 2,4,4
경기도 용인시 수지구 상현동,127.091650025,37.311150514,경상: 9<br>부상신고: 5<br>중상: 8,1,1
경기도 용인시 수지구 성복동,127.059793176,37.324705258,경상: 5,1,1
경기도 용인시 수지구 신봉동,127.073410076,37.324734351,경상: 3<br>중상: 2,9,9
경기도 용인시 수지구 죽전동,127.114909737,37.325777621,경상: 9<br>부상신고: 3<br>중상: 4,1,1
경기도 용인시 수지구 풍덕천동,127.085941296,37.330061265,경상: 8<br>부상신고: 1<br>중상: 3,7,7
경기도 용인시 처인구 고림동,127.222018565,37.260952294,경상: 7<br>부상신고: 1<br>중상: 2,11,11
경기도 용인시 처인구 김량장동,127.197465674,37.236058627,경상: 5<br>부상신고: 2<br>중상: 3,4,4
경기도 용인시 처인구 남사면,0.0,0.0,경상: 1,1,1
경기도 용인시 처인구 남사읍,127.151346735,37.099284641,경상: 2,3,3
경기도 용인시 처인구 마평동,127.216804275,37.233612976,경상: 3<br>부상신고: 1<br>중상: 1,1,1
경기도 용인시 처인구 모현읍,127.242345723,37.329416064,경상: 11<br>부상신고: 3<br>중상: 5,3,3
경기도 용인시 처인구 백암면,127.375370462,37.163417969,경상: 2<br>부상신고: 1<br>중상: 1,1,1
경기도 용인시 처인구 삼가동,127.164683171,37.241186266,경상: 2,1,1
경기도 용인시 처인구 양지면,127.28583604,37.236616437,경상: 4<br>중상: 2,1,1
경기도 용인시 처인구 역북동,127.185206665,37.239381892,경상: 14<br>부상신고: 2<br>중상: 2,3,3
경기도 용인시 처인구 원삼면,127.313286208,37.166568479,경상: 1<br>중상: 1,1,1
경기도 용인시 처인구 유방동,127.211740313,37.252437157,경상: 2<br>중상: 2,9,9
경기도 용인시 처인구 이동읍,127.196198414,37.141116768,경상: 4<br>부상신고: 1<br>중상: 6,1,1
경기도 용인시 처인구 포곡읍,127.245309903,37.276336946,경상: 9<br>부상신고: 1<br>중상: 2,6,6
경기도 의왕시 내손동,126.981510854,37.387439759,경상: 11<br>부상신고: 2<br>중상: 1,10,10
경기도 의왕시 삼동,126.95800261,37.327715214,경상: 7<br>중상: 4,5,5
경기도 의왕시 오전동,126.971556405,37.353604495,경상: 9<br>부상신고: 4<br>중상: 2,3,3
경기도 의왕시 왕곡동,126.987301137,37.345205701,경상: 1<br>중상: 1,1,1
경기도 의왕시 월암동,126.959664342,37.306477806,중상: 1,18,18
경기도 의왕시 청계동,126.993013251,37.390431207,부상신고: 2<br>사망: 1,4,4
경기도 의왕시 포일동,126.986160386,37.395298475,경상: 2<br>중상: 1,4,4
경기도 의왕시 학의동,127.017421611,37.386593527,중상: 1,23,23
경기도 의정부시 가능동,127.036351853,37.747274023,경상: 22<br>부상신고: 7<br>중상: 3,5,5
경기도 의정부시 금오동,127.068555862,37.753686755,경상: 8<br>부상신고: 3<br>중상: 5,10,10
경기도 의정부시 낙양동,127.113266243,37.764667904,경상: 6<br>부상신고: 1<br>중상: 2,2,2
경기도 의정부시 녹양동,127.032487051,37.756216818,경상: 6<br>중상: 7,3,3
경기도 의정부시 민락동,127.116078973,37.747976646,경상: 19<br>부상신고: 5<br>중상: 11,1,1
경기도 의정부시 산곡동,127.106349604,37.708734492,부상신고: 1,3,3
경기도 의정부시 신곡동,127.064418946,37.728701279,경상: 10<br>부상신고: 6<br>중상: 6,5,5
경기도 의정부시 용현동,127.084504078,37.73015823,경상: 6<br>부상신고: 3<br>중상: 6,20,20
경기도 의정부시 의정부동,127.036558751,37.737085841,경상: 17<br>부상신고: 6<br>중상: 6,4,4
경기도 의정부시 장암동,127.054636258,37.698272828,경상: 3<br>부상신고: 1<br>중상: 3,6,6
경기도 의정부시 호원동,127.046711549,37.707935281,경상: 18<br>부상신고: 5<br>중상: 8,8,8
경기도 이천시 갈산동,127.455769112,37.283360903,경상: 3<br>부상신고: 1<br>중상: 2,2,2
경기도 이천시 관고동,127.437882338,37.282380428,경상: 1<br>부상신고: 1<br>중상: 1,4,4
경기도 이천시 단월동,127.450025773,37.227453931,부상신고: 1,1,1
경기도 이천시 대월면,127.490767109,37.226088596,경상: 1<br>중상: 1,1,1
경기도 이천시 마장면,127.357969239,37.248970238,경상: 5<br>부상신고: 1<br>중상: 1,8,8
경기도 이천시 백사면,127.49072519,37.339078162,경상: 1<br>중상: 1,1,1
경기도 이천시 부발읍,127.486896931,37.283652267,경상: 6<br>부상신고: 1<br>사망: 1<br>중상: 4,1,1
경기도 이천시 사음동,127.425207382,37.290669277,경상: 1,2,2
경기도 이천시 송정동,127.432334822,37.296937688,경상: 3<br>중상: 2,2,2
경기도 이천시 신둔면,127.404071163,37.306244049,중상: 1,1,1
경기도 이천시 안흥동,127.454526909,37.274899157,경상: 2<br>중상: 1,2,2
경기도 이천시 장호원읍,127.616840936,37.1148618,경상: 7<br>부상신고: 1<br>중상: 3,6,6
경기도 이천시 중리동,127.433281567,37.273855362,경상: 3<br>중상: 3,1,1
경기도 이천시 증포동,127.457332691,37.297233383,경상: 12<br>부상신고: 1<br>중상: 5,4,4
경기도 이천시 창전동,127.441140695,37.282874856,경상: 17<br>부상신고: 5<br>중상: 2,6,6
경기도 이천시 호법면,127.425032257,37.223156231,경상: 1,1,1
경기도 파주시 검산동,126.738732462,37.77502423,부상신고: 1,1,1
경기도 파주시 광탄면,126.898481484,37.803036121,경상: 3<br>중상: 1,6,6
경기도 파주시 금릉동,126.780402138,37.753640693,경상: 1<br>중상: 3,4,4
경기도 파주시 금촌동,126.776508368,37.754324926,경상: 24<br>부상신고: 4<br>중상: 10,8,8
경기도 파주시 다율동,126.717543807,37.73684475,경상: 3<br>중상: 3,2,2
경기도 파주시 당하동,126.758130599,37.740970679,경상: 1<br>부상신고: 1,28,28
경기도 파주시 동패동,126.74740252,37.705643299,경상: 15<br>부상신고: 4<br>중상: 5,5,5
경기도 파주시 맥금동,126.726935433,37.797877109,경상: 1,10,10
경기도 파주시 목동동,126.744097036,37.720565171,경상: 11<br>부상신고: 1<br>중상: 8,10,10
경기도 파주시 문발동,126.685927816,37.712307137,경상: 6,4,4
경기도 파주시 문산읍,126.779242321,37.857375577,경상: 20<br>부상신고: 5<br>중상: 4,6,6
경기도 파주시 법원읍,126.860050637,37.861029661,경상: 3<br>중상: 3,2,2
경기도 파주시 아동동,126.780254746,37.765868799,경상: 3<br>부상신고: 2<br>중상: 2,1,1
경기도 파주시 야당동,126.759666545,37.703442319,경상: 16<br>부상신고: 3<br>중상: 9,1,1
경기도 파주시 야동동,126.768485591,37.77902845,부상신고: 1,5,5
경기도 파주시 와동,126.760076402,37.738746954,경상: 4<br>중상: 7,1,1
경기도 파주시 와동동,126.760076402,37.738746954,부상신고: 3,4,4
경기도 파주시 월롱면,126.790261283,37.795982374,경상: 1<br>중상: 2,25,25
경기도 파주시 적성면,126.902885214,37.970281097,경상: 1<br>중상: 3,2,2
경기도 파주시 조리읍,126.807917134,37.74205049,경상: 7<br>부상신고: 2<br>중상: 3,7,7
경기도 파주시 탄현면,126.700003803,37.785499821,경상: 2<br>부상신고: 1<br>중상: 1,7,7
경기도 파주시 파주읍,126.819981474,37.830750041,경상: 4<br>부상신고: 1<br>중상: 3,2,2
경기도 평택시 가재동,127.094845159,37.044405445,경상: 1,13,13
경기도 평택시 고덕면,127.03060658,37.016841201,경상: 3<br>부상신고: 1<br>중상: 2,5,5
경기도 평택시 군문동,127.084314695,36.985719813,경상: 1,9,9
경기도 평택시 독곡동,127.073383633,37.084527875,경상: 4<br>부상신고: 1<br>중상: 2,2,2
경기도 평택시 동삭동,127.096510171,37.007874378,경상: 10<br>부상신고: 3,9,9
경기도 평택시 비전동,127.11212006,37.000248091,경상: 37<br>부상신고: 8<br>중상: 11,7,7
경기도 평택시 서정동,127.053367182,37.070669567,경상: 26<br>부상신고: 1<br>중상: 7,4,4
경기도 평택시 세교동,127.091149971,37.010384135,경상: 7<br>부상신고: 2<br>중상: 2,6,6
경기도 평택시 신장동,127.046009147,37.085671515,경상: 6<br>부상신고: 2<br>중상: 3,22,22
경기도 평택시 안중읍,126.929099793,36.985029554,경상: 22<br>부상신고: 2<br>중상: 6,6,6
경기도 평택시 오성면,126.984045126,37.007169499,경상: 3<br>중상: 3,3,3
경기도 평택시 용이동,127.134654601,37.000297276,경상: 12<br>부상신고: 3<br>중상: 4,12,12
경기도 평택시 이충동,127.074935065,37.062591494,경상: 9<br>부상신고: 4<br>중상: 8,1,1
경기도 평택시 장당동,127.054247158,37.053048053,경상: 2<br>중상: 1,1,1
경기도 평택시 장안동,127.081802797,37.058719732,경상: 1<br>부상신고: 1,9,9
경기도 평택시 죽백동,127.118311145,37.017434349,경상: 1<br>부상신고: 1,4,4
경기도 평택시 지산동,127.056737651,37.077912339,경상: 12<br>부상신고: 1<br>중상: 8,1,1
경기도 평택시 진위면,127.10560853,37.086911094,경상: 2<br>부상신고: 1<br>중상: 2,2,2
경기도 평택시 청북읍,126.934287607,37.039826303,경상: 9<br>부상신고: 1<br>사망: 1<br>중상: 5,5,5
경기도 평택시 칠원동,127.112258956,37.024957278,경상: 1,3,3
경기도 평택시 통복동,127.08049637,36.989266687,경상: 1<br>중상: 1,3,3
경기도 평택시 팽성읍,127.09375222,36.964623914,경상: 13<br>부상신고: 3<br>중상: 6,10,10
경기도 평택시 평택동,127.079919271,36.988142464,경상: 2<br>부상신고: 1<br>중상: 2,2,2
경기도 평택시 포승읍,126.874668823,36.979264592,경상: 5<br>부상신고: 2<br>중상: 4,8,8
경기도 평택시 합정동,127.111390728,36.981428399,경상: 7<br>중상: 2,2,2
경기도 포천시 가산면,127.186464802,37.848712037,경상: 1,3,3
경기도 포천시 군내면,127.217534036,37.889016278,경상: 1<br>중상: 1,6,6
경기도 포천시 선단동,127.158676834,37.857981694,경상: 2<br>중상: 2,2,2
경기도 포천시 소흘읍,127.132476085,37.817387781,경상: 16<br>부상신고: 3<br>중상: 6,1,1
경기도 포천시 신북면,127.148871938,37.958657777,경상: 1<br>부상신고: 1,16,16
경기도 포천시 신읍동,127.200383738,37.894975746,경상: 4<br>부상신고: 1<br>중상: 4,7,7
경기도 포천시 어룡동,127.192172674,37.8823659,경상: 1,1,1
경기도 포천시 영북면,127.275542327,38.089154543,경상: 2<br>중상: 1,1,1
경기도 포천시 이동면,127.367594194,38.030684867,경상: 2<br>중상: 4,6,6
경기도 포천시 일동면,127.317285624,37.961274119,경상: 1<br>부상신고: 1<br>중상: 1,40,40
경기도 하남시 감이동,127.158819253,37.491148266,경상: 1<br>부상신고: 2,9,9
경기도 하남시 감일동,127.151732583,37.50941357,경상: 1,14,14
경기도 하남시 덕풍동,127.197255371,37.539850104,경상: 15<br>부상신고: 5<br>사망: 1<br>중상: 4,15,15
경기도 하남시 망월동,127.185541004,37.56763859,경상: 21<br>부상신고: 7<br>중상: 2,1,1
경기도 하남시 미사동,127.20165262,37.571416293,경상: 1<br>부상신고: 1<br>중상: 1,8,8
경기도 하남시 선동,127.184264665,37.574517865,경상: 1<br>부상신고: 2,11,11
경기도 하남시 신장동,127.206600019,37.537108613,경상: 20<br>부상신고: 1<br>중상: 4,5,5
경기도 하남시 창우동,127.226309093,37.528303821,경상: 3<br>중상: 1,1,1
경기도 하남시 풍산동,127.18688334,37.555083846,경상: 5<br>부상신고: 2<br>중상: 1,2,2
경기도 하남시 하산곡동,127.224922068,37.522202484,경상: 1,6,6
경기도 하남시 학암동,127.148350709,37.48216723,경상: 3<br>중상: 1,6,6
경기도 화성시 기산동,127.045848106,37.219095293,경상: 1<br>중상: 2,1,1
경기도 화성시 기안동,126.986482864,37.225271669,경상: 3,2,2
경기도 화성시 남양읍,126.829935936,37.200194574,경상: 8<br>부상신고: 2<br>중상: 7,1,1
경기도 화성시 능동,127.058735385,37.2099532,경상: 13<br>부상신고: 1<br>중상: 4,1,1
경기도 화성시 동탄면,0.0,0.0,경상: 2<br>중상: 2,2,2
경기도 화성시 마도면,126.741507895,37.19198064,경상: 1,1,1
경기도 화성시 매송면,126.909102865,37.25235077,경상: 1<br>부상신고: 1,1,1
경기도 화성시 목동,127.113669437,37.180097694,경상: 6<br>부상신고: 1<br>중상: 4,7,7
경기도 화성시 반송동,127.071935144,37.206467036,경상: 33<br>부상신고: 9<br>중상: 13,4,4
경기도 화성시 반월동,127.060591038,37.233138661,경상: 6<br>부상신고: 2<br>중상: 1,3,3
경기도 화성시 병점동,127.033157131,37.202969029,경상: 14<br>부상신고: 10<br>중상: 7,9,9
경기도 화성시 봉담읍,126.949516599,37.220064867,경상: 28<br>부상신고: 1<br>중상: 4,3,3
경기도 화성시 비봉면,126.881698073,37.199779547,경상: 1,4,4
경기도 화성시 산척동,127.110058635,37.170455935,경상: 17<br>부상신고: 2<br>중상: 4,1,1
경기도 화성시 새솔동,0.0,0.0,경상: 2<br>중상: 3,2,2
경기도 화성시 서신면,126.708770927,37.16658927,경상: 5<br>중상: 1,2,2
경기도 화성시 석우동,127.075494997,37.205368405,경상: 2<br>부상신고: 1<br>중상: 1,22,22
경기도 화성시 송동,127.098318318,37.165922833,경상: 3<br>중상: 2,2,2
경기도 화성시 송산동,127.015699338,37.205707218,경상: 2,2,2
경기도 화성시 송산면,126.739176039,37.21787561,경상: 12<br>중상: 1,7,7
경기도 화성시 안녕동,127.014292204,37.205456952,경상: 2<br>중상: 1,1,1
경기도 화성시 양감면,126.944452712,37.081344908,중상: 1,4,4
경기도 화성시 영천동,127.091766169,37.21508708,경상: 9<br>부상신고: 2<br>중상: 7,1,1
경기도 화성시 오산동,127.085114583,37.195027161,경상: 11<br>부상신고: 2<br>중상: 1,1,1
경기도 화성시 우정읍,126.815384141,37.089783798,경상: 3<br>부상신고: 1<br>중상: 3,1,1
경기도 화성시 장안면,126.831323684,37.079821473,경상: 1<br>중상: 1,7,7
경기도 화성시 장지동,127.094582903,37.159117911,경상: 3<br>중상: 3,4,4
경기도 화성시 정남면,126.971088862,37.160244723,경상: 1<br>중상: 1,15,15
경기도 화성시 진안동,127.035910869,37.208782197,경상: 9<br>부상신고: 2<br>중상: 1,2,2
경기도 화성시 청계동,127.100022951,37.193392648,경상: 13<br>부상신고: 1<br>중상: 5,1,1
경기도 화성시 팔탄면,126.85951885,37.131932312,경상: 3,2,2
경기도 화성시 향남읍,126.919422641,37.130489634,경상: 37<br>부상신고: 4<br>사망: 1<br>중상: 12,1,1
서울특별시 강남구 개포동,127.053045813,37.480897516,경상: 10<br>부상신고: 5<br>중상: 2,1,1
서울특별시 강남구 논현동,127.025582227,37.505859315,경상: 8<br>부상신고: 3<br>중상: 1,6,6
서울특별시 강남구 대치동,127.050671792,37.501990841,경상: 45<br>부상신고: 12<br>상해없음: 1<br>중상: 14,1,1
서울특별시 강남구 도곡동,127.043588574,37.48550524,경상: 7<br>부상신고: 1<br>중상: 2,3,3
서울특별시 강남구 삼성동,127.051252663,37.512731458,경상: 6<br>중상: 2,1,1
서울특별시 강남구 세곡동,127.099727739,37.466399182,경상: 7<br>사망: 1<br>중상: 2,3,3
서울특별시 강남구 수서동,127.105043284,37.488701857,경상: 5<br>부상신고: 2<br>중상: 2,1,1
서울특별시 강남구 신사동,127.029571607,37.522238454,경상: 6,8,8
서울특별시 강남구 압구정동,127.029571607,37.522238454,경상: 1<br>부상신고: 1<br>사망: 1<br>중상: 3,2,2
서울특별시 강남구 역삼동,127.034244012,37.490804994,경상: 14<br>부상신고: 5<br>중상: 4,2,2
서울특별시 강남구 율현동,127.108964117,37.47207274,경상: 3<br>부상신고: 1,1,1
서울특별시 강남구 일원동,127.084688364,37.49394602,경상: 8<br>중상: 6,20,20
서울특별시 강남구 자곡동,127.099585268,37.473951884,경상: 7<br>부상신고: 2<br>중상: 1,3,3
서울특별시 강남구 청담동,127.052258374,37.52299038,경상: 8<br>부상신고: 1<br>사망: 1<br>중상: 4,1,1
서울특별시 강동구 강일동,127.172260971,37.565957103,경상: 2<br>부상신고: 1<br>중상: 4,6,6
서울특별시 강동구 고덕동,127.145428079,37.556454548,경상: 15<br>부상신고: 2<br>중상: 6,1,1
서울특별시 강동구 길동,127.1461916,37.539213092,경상: 4<br>부상신고: 7<br>중상: 4,1,1
서울특별시 강동구 둔촌동,127.143149929,37.528814378,경상: 7<br>중상: 4,2,2
서울특별시 강동구 명일동,127.142609884,37.553459336,경상: 7<br>부상신고: 2<br>중상: 4,18,18
서울특별시 강동구 상일동,127.170599787,37.545197155,경상: 5<br>중상: 2,2,2
서울특별시 강동구 성내동,127.129953131,37.53025057,경상: 16<br>부상신고: 10<br>중상: 5,6,6
서울특별시 강동구 암사동,127.137388579,37.55613312,경상: 19<br>부상신고: 1<br>사망: 1<br>중상: 3,7,7
서울특별시 강동구 천호동,127.135486329,37.54554264,경상: 19<br>부상신고: 7<br>중상: 8,3,3
서울특별시 강북구 미아동,127.029400044,37.618920671,경상: 33<br>부상신고: 4<br>상해없음: 1<br>중상: 7,4,4
서울특별시 강북구 번동,127.030904808,37.634322962,경상: 17<br>중상: 2,2,2
서울특별시 강북구 수유동,127.013230123,37.648218355,경상: 32<br>부상신고: 4<br>중상: 10,2,2
서울특별시 강서구 가양동,126.844105267,37.565992799,경상: 3,56,56
서울특별시 강서구 공항동,126.814423395,37.561681257,경상: 2<br>부상신고: 2<br>사망: 1<br>중상: 2,10,10
서울특별시 강서구 내발산동,126.843197734,37.557496222,경상: 10<br>부상신고: 4<br>중상: 5,2,2
서울특별시 강서구 등촌동,126.861317368,37.550754749,경상: 17<br>중상: 2,32,32
서울특별시 강서구 마곡동,126.830961753,37.561084839,경상: 16<br>부상신고: 2<br>중상: 4,6,6
서울특별시 강서구 방화동,126.816242961,37.578821166,경상: 10<br>부상신고: 2<br>중상: 6,2,2
서울특별시 강서구 염창동,126.870981391,37.553746863,경상: 11<br>부상신고: 1<br>중상: 2,1,1
서울특별시 강서구 화곡동,126.847885661,37.546698231,경상: 55<br>부상신고: 5<br>중상: 17,2,2
서울특별시 관악구 남현동,126.97884379,37.476196613,경상: 3<br>중상: 1,1,1
서울특별시 관악구 봉천동,126.950811191,37.480193459,경상: 23<br>부상신고: 2<br>중상: 7,1,1
서울특별시 관악구 신림동,126.928348782,37.486899275,경상: 37<br>부상신고: 2<br>중상: 12,1,1
서울특별시 광진구 광장동,127.094425953,37.543178696,경상: 7<br>부상신고: 3<br>중상: 4,3,3
서울특별시 광진구 구의동,127.082286136,37.544519717,경상: 19<br>중상: 10,3,3
서울특별시 광진구 군자동,127.076232801,37.552663982,경상: 3<br>중상: 3,2,2
서울특별시 광진구 능동,127.076975138,37.551676086,경상: 5,1,1
서울특별시 광진구 자양동,127.066952769,37.533995281,경상: 16<br>부상신고: 6<br>중상: 6,19,19
서울특별시 광진구 중곡동,127.083111595,37.561611636,경상: 30<br>부상신고: 3<br>중상: 6,3,3
서울특별시 광진구 화양동,127.07089551,37.547622391,경상: 1<br>부상신고: 2<br>중상: 2,9,9
서울특별시 구로구 가리봉동,126.883558899,37.486260422,경상: 3<br>중상: 1,1,1
서울특별시 구로구 개봉동,126.858954044,37.488256159,경상: 14<br>부상신고: 4<br>중상: 7,1,1
서울특별시 구로구 고척동,126.84793536,37.504895205,경상: 9<br>부상신고: 7<br>중상: 6,4,4
서울특별시 구로구 구로동,126.888478249,37.490772571,경상: 46<br>부상신고: 8<br>중상: 11,1,1
서울특별시 구로구 궁동,126.83549208,37.496376182,경상: 4<br>중상: 3,1,1
서울특별시 구로구 신도림동,126.883200692,37.506938177,경상: 6<br>부상신고: 2<br>중상: 5,1,1
서울특별시 구로구 오류동,126.841788284,37.495594575,경상: 8<br>부상신고: 1<br>중상: 4,42,42
서울특별시 구로구 온수동,126.819692451,37.492239985,경상: 2<br>부상신고: 1<br>중상: 1,9,9
서울특별시 구로구 천왕동,126.847185913,37.483533904,경상: 5,1,1
서울특별시 구로구 항동,126.816379176,37.475438962,경상: 3<br>부상신고: 1<br>중상: 1,17,17
서울특별시 금천구 가산동,126.87889849,37.481918321,경상: 3<br>부상신고: 2<br>중상: 3,8,8
서울특별시 금천구 독산동,126.900299026,37.471160298,경상: 18<br>부상신고: 1<br>중상: 12,1,1
서울특별시 금천구 시흥동,126.895367606,37.456902661,경상: 18<br>부상신고: 6<br>중상: 9,5,5
서울특별시 노원구 공릉동,127.080054293,37.621279801,경상: 16<br>부상신고: 1<br>중상: 4,24,24
서울특별시 노원구 상계동,127.064326457,37.658878104,경상: 45<br>부상신고: 4<br>중상: 11,2,2
서울특별시 노원구 월계동,127.059253213,37.622859435,경상: 18<br>부상신고: 4<br>중상: 6,6,6
서울특별시 노원구 중계동,127.081589019,37.645985873,경상: 39<br>부상신고: 6<br>중상: 8,18,18
서울특별시 노원구 하계동,127.074460871,37.636216321,경상: 11<br>부상신고: 3<br>중상: 4,3,3
서울특별시 도봉구 도봉동,127.043413596,37.6786868,경상: 8<br>부상신고: 1<br>중상: 2,4,4
서울특별시 도봉구 방학동,127.034398798,37.667795904,경상: 11<br>부상신고: 4<br>중상: 4,15,15
서울특별시 도봉구 쌍문동,127.032416771,37.651285241,경상: 17<br>부상신고: 3<br>중상: 2,2,2
서울특별시 도봉구 창동,127.039146885,37.651960944,경상: 24<br>부상신고: 3<br>중상: 11,3,3
서울특별시 동대문구 답십리동,127.050483847,37.573351703,경상: 12<br>부상신고: 2<br>중상: 3,4,4
서울특별시 동대문구 신설동,127.023759516,37.573102944,경상: 1,54,54
서울특별시 동대문구 용두동,127.040474146,37.575316322,경상: 5<br>부상신고: 1,10,10
서울특별시 동대문구 이문동,127.061440388,37.597944028,경상: 9<br>중상: 4,1,1
서울특별시 동대문구 장안동,127.07400731,37.572714686,경상: 19<br>부상신고: 7<br>중상: 7,21,21
서울특별시 동대문구 전농동,127.048347382,37.5752679,경상: 8<br>부상신고: 2<br>중상: 4,17,17
서울특별시 동대문구 제기동,127.039294641,37.585692743,경상: 4<br>부상신고: 1<br>중상: 2,3,3
서울특별시 동대문구 청량리동,127.047265982,37.586283478,경상: 5<br>부상신고: 1,10,10
서울특별시 동대문구 회기동,127.055190897,37.593123602,경상: 2<br>부상신고: 1,41,41
서울특별시 동대문구 휘경동,127.05595471,37.586550812,경상: 6<br>중상: 4,4,4
서울특별시 동작구 노량진동,126.947128556,37.516287693,경상: 5<br>부상신고: 2<br>중상: 1,9,9
서울특별시 동작구 대방동,126.925541458,37.502434044,경상: 3<br>부상신고: 4<br>중상: 2,1,1
서울특별시 동작구 본동,126.949648394,37.510635613,경상: 1<br>중상: 1,3,3
서울특별시 동작구 사당동,126.973186384,37.476255258,경상: 11<br>부상신고: 4<br>중상: 8,2,2
서울특별시 동작구 상도1동,126.951572358,37.506527462,경상: 2<br>부상신고: 1<br>사망: 1<br>중상: 1,2,2
서울특별시 동작구 상도동,126.930883865,37.499411805,경상: 24<br>부상신고: 1<br>중상: 5,4,4
서울특별시 동작구 신대방동,126.908662957,37.486857515,경상: 10<br>부상신고: 3<br>중상: 6,3,3
서울특별시 동작구 흑석동,126.96061101,37.505120214,경상: 5<br>부상신고: 1<br>중상: 3,13,13
서울특별시 마포구 공덕동,126.955008118,37.544424409,경상: 3,5,5
서울특별시 마포구 노고산동,126.940120485,37.554171375,중상: 1,4,4
서울특별시 마포구 대흥동,126.940513013,37.544402263,경상: 4<br>부상신고: 1<br>중상: 2,1,1
서울특별시 마포구 도화동,126.951926203,37.539563846,경상: 1,1,1
서울특별시 마포구 동교동,126.931766518,37.555864262,경상: 2<br>중상: 1,4,4
서울특별시 마포구 마포동,126.944403582,37.537876342,부상신고: 1,13,13
서울특별시 마포구 망원동,126.901038828,37.555821409,경상: 7<br>부상신고: 2<br>중상: 2,1,1
서울특별시 마포구 상수동,126.920918453,37.548038795,중상: 1,9,9
서울특별시 마포구 상암동,126.877257877,37.581059543,경상: 9<br>부상신고: 1<br>중상: 4,1,1
서울특별시 마포구 서교동,126.91459102,37.55510909,경상: 4<br>부상신고: 1<br>중상: 2,16,16
서울특별시 마포구 성산동,126.910151865,37.566125024,경상: 8<br>부상신고: 4<br>중상: 2,4,4
서울특별시 마포구 신수동,126.938671066,37.544558363,경상: 1,11,11
서울특별시 마포구 아현동,126.954105123,37.556908983,경상: 2<br>중상: 2,2,2
서울특별시 마포구 연남동,126.922917217,37.563921689,경상: 2<br>부상신고: 2,1,1
서울특별시 마포구 염리동,126.945648835,37.547088811,경상: 1<br>중상: 1,1,1
서울특별시 마포구 용강동,126.938610782,37.541816301,경상: 1<br>부상신고: 1<br>중상: 1,1,1
서울특별시 마포구 중동,126.909898516,37.569074247,경상: 2<br>중상: 1,3,3
서울특별시 마포구 창전동,126.93205569,37.5477503,경상: 1<br>중상: 1,1,1
서울특별시 마포구 합정동,126.916951417,37.548525962,경상: 1,7,7
서울특별시 서대문구 남가좌동,126.922015916,37.57789077,경상: 7<br>부상신고: 1<br>중상: 4,2,2
서울특별시 서대문구 북가좌동,126.911793159,37.577139592,경상: 15<br>부상신고: 2<br>중상: 6,3,3
서울특별시 서대문구 북아현동,126.957731141,37.563691458,경상: 1<br>부상신고: 1,5,5
서울특별시 서대문구 연희동,126.929267727,37.565340655,경상: 5<br>부상신고: 4<br>중상: 3,1,1
서울특별시 서대문구 영천동,126.959063545,37.571115937,경상: 2,1,1
서울특별시 서대문구 충정로2가,126.962362875,37.563804644,중상: 1,1,1
서울특별시 서대문구 충정로3가,126.962010749,37.560280848,중상: 1,1,1
서울특별시 서대문구 합동,126.965604887,37.560802486,경상: 1,1,1
서울특별시 서대문구 홍은동,126.928109702,37.582739126,경상: 12<br>사망: 1<br>중상: 5,1,1
서울특별시 서대문구 홍제동,126.938056109,37.58337704,경상: 10<br>부상신고: 1<br>중상: 3,1,1
서울특별시 서초구 내곡동,127.067670902,37.455363249,중상: 2,1,1
서울특별시 서초구 반포동,127.000271235,37.496332996,경상: 17<br>부상신고: 3<br>중상: 3,1,1
서울특별시 서초구 방배동,126.99063308,37.473219097,경상: 23<br>부상신고: 1<br>중상: 8,1,1
서울특별시 서초구 서초동,127.029974787,37.491570956,경상: 17<br>부상신고: 5<br>중상: 10,1,1
서울특별시 서초구 신원동,127.057068991,37.44724147,경상: 1<br>부상신고: 1,3,3
서울특별시 서초구 양재동,127.043276829,37.467478429,경상: 8<br>부상신고: 1<br>중상: 2,1,1
서울특별시 서초구 우면동,127.026670991,37.471658578,경상: 4<br>부상신고: 3<br>중상: 4,1,1
서울특별시 서초구 잠원동,127.018771884,37.517149022,경상: 9<br>부상신고: 1<br>중상: 2,1,1
서울특별시 성동구 금호동1가,127.021677792,37.554856666,경상: 2<br>부상신고: 1,3,3
서울특별시 성동구 금호동2가,127.024628241,37.552370235,경상: 1<br>중상: 2,1,1
서울특별시 성동구 금호동3가,127.017080398,37.548508547,경상: 2<br>중상: 1,1,1
서울특별시 성동구 금호동4가,127.019121552,37.547665205,경상: 2<br>중상: 3,1,1
서울특별시 성동구 도선동,127.035492522,37.562075133,경상: 1<br>부상신고: 1,1,1
서울특별시 성동구 마장동,127.035711755,37.567361758,경상: 4<br>부상신고: 1<br>중상: 1,1,1
서울특별시 성동구 사근동,127.049164535,37.559959748,경상: 1,1,1
서울특별시 성동구 상왕십리동,127.025528534,37.567884763,경상: 1<br>중상: 1,1,1
서울특별시 성동구 성수동1가,127.048379749,37.537366982,경상: 6<br>부상신고: 1<br>중상: 2,1,1
서울특별시 성동구 성수동2가,127.057126525,37.545146543,경상: 6<br>부상신고: 2<br>중상: 2,1,1
서울특별시 성동구 송정동,127.068055309,37.549945722,부상신고: 1<br>중상: 1,2,2
서울특별시 성동구 옥수동,127.013452366,37.543666532,경상: 2<br>부상신고: 1<br>중상: 1,1,1
서울특별시 성동구 용답동,127.061530705,37.561260618,경상: 4<br>부상신고: 1<br>중상: 1,14,14
서울특별시 성동구 응봉동,127.030340133,37.552801941,경상: 4<br>중상: 1,1,1
서울특별시 성동구 하왕십리동,127.030649462,37.562443815,경상: 4<br>부상신고: 1<br>중상: 3,7,7
서울특별시 성동구 행당동,127.037599861,37.564150319,경상: 4<br>부상신고: 3,9,9
서울특별시 성동구 홍익동,127.035974433,37.564821395,중상: 1,1,1
서울특별시 성북구 길음동,127.023195207,37.610158081,경상: 9<br>부상신고: 1<br>중상: 2,6,6
서울특별시 성북구 돈암동,127.020716651,37.597215466,경상: 2<br>중상: 3,15,15
서울특별시 성북구 동선동1가,127.017111276,37.592585134,경상: 3<br>중상: 2,2,2
서울특별시 성북구 동선동2가,127.018471983,37.590443254,경상: 3,5,5
서울특별시 성북구 동선동3가,127.020408753,37.593979805,경상: 2,23,23
서울특별시 성북구 동선동5가,127.016481977,37.594706022,경상: 2,2,2
서울특별시 성북구 동소문동1가,127.0063328,37.588802708,부상신고: 1,6,6
서울특별시 성북구 동소문동3가,127.009705526,37.589754602,경상: 1,10,10
서울특별시 성북구 동소문동4가,127.009232005,37.590024424,경상: 2,2,2
서울특별시 성북구 동소문동5가,127.013584565,37.591778319,경상: 1,6,6
서울특별시 성북구 동소문동6가,127.013182208,37.592085145,중상: 1,4,4
서울특별시 성북구 동소문동7가,127.011140431,37.593303209,중상: 1,15,15
서울특별시 성북구 보문동2가,127.019692274,37.584295351,경상: 1,2,2
서울특별시 성북구 보문동3가,127.015079948,37.582416012,경상: 1,12,12
서울특별시 성북구 보문동4가,127.020516289,37.584157835,중상: 1,3,3
서울특별시 성북구 보문동6가,127.017293219,37.580443207,경상: 1<br>부상신고: 1,4,4
서울특별시 성북구 삼선동1가,127.006027455,37.588418613,경상: 1,3,3
서울특별시 성북구 삼선동2가,127.01380546,37.582029982,경상: 2,1,1
서울특별시 성북구 삼선동3가,127.013344322,37.585732013,경상: 5<br>중상: 1,5,5
서울특별시 성북구 삼선동4가,127.014642042,37.590845282,경상: 1<br>중상: 1,3,3
서울특별시 성북구 삼선동5가,127.01669004,37.589455094,경상: 1<br>중상: 1,6,6
서울특별시 성북구 상월곡동,127.047870588,37.605779183,경상: 3<br>중상: 2,1,1
서울특별시 성북구 석관동,127.059831518,37.610959605,경상: 9<br>부상신고: 1<br>중상: 2,1,1
서울특별시 성북구 성북동,127.003242555,37.591066672,경상: 1<br>중상: 1,9,9
서울특별시 성북구 안암동1가,127.021536536,37.587517275,경상: 1,1,1
서울특별시 성북구 안암동2가,127.021374961,37.58581874,경상: 1,1,1
서울특별시 성북구 안암동5가,127.028752055,37.586700212,경상: 2,1,1
서울특별시 성북구 장위동,127.051659057,37.615084889,경상: 9<br>부상신고: 1<br>상해없음: 1<br>중상: 1,6,6
서울특별시 성북구 정릉동,127.021674925,37.601279526,경상: 17<br>부상신고: 1<br>중상: 4,1,1
서울특별시 성북구 종암동,127.030675751,37.59793813,경상: 11<br>중상: 3,3,3
서울특별시 성북구 하월곡동,127.037458139,37.604516397,경상: 7<br>부상신고: 2<br>중상: 3,1,1
서울특별시 송파구 가락동,127.123350033,37.490236063,경상: 13<br>부상신고: 7<br>중상: 2,1,1
서울특별시 송파구 거여동,127.142753429,37.496848694,경상: 11<br>부상신고: 3,10,10
서울특별시 송파구 마천동,127.142922699,37.500219914,경상: 13<br>부상신고: 1<br>중상: 1,1,1
서울특별시 송파구 문정동,127.125124886,37.486869675,경상: 9<br>부상신고: 2<br>중상: 6,2,2
서울특별시 송파구 방이동,127.1192143,37.509893948,경상: 17<br>부상신고: 9<br>중상: 7,8,8
서울특별시 송파구 삼전동,127.091563216,37.505936995,경상: 11<br>부상신고: 3<br>중상: 2,1,1
서울특별시 송파구 석촌동,127.103689138,37.503565687,경상: 7<br>부상신고: 3<br>중상: 3,10,10
서울특별시 송파구 송파동,127.110792995,37.50399701,경상: 17<br>부상신고: 3<br>중상: 9,1,1
서울특별시 송파구 신천동,127.105601028,37.515631027,경상: 6<br>부상신고: 2<br>중상: 6,1,1
서울특별시 송파구 오금동,127.134024412,37.503263016,경상: 6<br>부상신고: 8,6,6
서울특별시 송파구 잠실동,127.087107788,37.506001971,경상: 20<br>부상신고: 8<br>중상: 6,1,1
서울특별시 송파구 장지동,127.124742905,37.472709442,경상: 17<br>부상신고: 3<br>중상: 2,2,2
서울특별시 송파구 풍납동,127.117711394,37.52642628,경상: 6<br>부상신고: 4<br>중상: 4,1,1
서울특별시 양천구 목동,126.868711323,37.535892828,경상: 44<br>부상신고: 9<br>중상: 16,1,1
서울특별시 양천구 신월동,126.827239875,37.535531527,경상: 35<br>부상신고: 10<br>사망: 1<br>중상: 15,1,1
서울특별시 양천구 신정동,126.84068137,37.512113106,경상: 54<br>부상신고: 11<br>사망: 2<br>중상: 13,1,1
서울특별시 영등포구 당산동,126.900772859,37.527906405,중상: 1,1,1
서울특별시 영등포구 당산동1가,126.896289398,37.523508965,경상: 1,3,3
서울특별시 영등포구 당산동3가,126.894198766,37.528184398,경상: 2,1,1
서울특별시 영등포구 당산동4가,126.894886364,37.529303062,경상: 1,11,11
서울특별시 영등포구 당산동5가,126.899854067,37.532110415,경상: 3<br>부상신고: 1,2,2
서울특별시 영등포구 당산동6가,126.902087435,37.534706467,경상: 1,5,5
서울특별시 영등포구 대림동,126.901250597,37.492635954,경상: 19<br>부상신고: 3<br>중상: 5,1,1
서울특별시 영등포구 도림동,126.89955957,37.506151521,경상: 7<br>부상신고: 1<br>중상: 1,2,2
서울특별시 영등포구 문래동2가,126.891890381,37.51121498,경상: 1,1,1
서울특별시 영등포구 문래동3가,126.895497384,37.519329848,경상: 5<br>부상신고: 1<br>중상: 2,4,4
서울특별시 영등포구 문래동4가,126.891332244,37.515585173,경상: 1,1,1
서울특별시 영등포구 문래동6가,126.88524993,37.520854667,경상: 4<br>중상: 2,2,2
서울특별시 영등포구 신길동,126.913818192,37.505153745,경상: 16<br>부상신고: 8<br>사망: 1<br>중상: 4,1,1
서울특별시 영등포구 양평동,126.88878704,37.528925944,부상신고: 1,1,1
서울특별시 영등포구 양평동1가,126.891561528,37.524513544,경상: 1,1,1
서울특별시 영등포구 양평동2가,126.884433722,37.520870845,경상: 2,1,1
서울특별시 영등포구 양평동3가,126.890976436,37.528738342,경상: 6<br>중상: 2,3,3
서울특별시 영등포구 양평동4가,126.895933121,37.537756792,경상: 2,1,1
서울특별시 영등포구 양평동5가,126.893406655,37.538138747,경상: 1,1,1
서울특별시 영등포구 양평동6가,126.890438802,37.54056301,부상신고: 1,1,1
서울특별시 영등포구 양화동,126.893675136,37.545365965,경상: 1<br>부상신고: 1,2,2
서울특별시 영등포구 여의도동,126.92593686,37.525058399,경상: 7<br>부상신고: 9<br>중상: 4,1,1
서울특별시 영등포구 영등포동,126.909334595,37.514675813,경상: 2<br>중상: 3,1,1
서울특별시 영등포구 영등포동3가,126.906758195,37.516456018,중상: 1,1,1
서울특별시 영등포구 영등포동4가,126.903052849,37.515388095,경상: 1,1,1
서울특별시 영등포구 영등포동5가,126.905140679,37.522705011,경상: 1,3,3
서울특별시 영등포구 영등포동7가,126.903756904,37.525640817,경상: 1,3,3
서울특별시 영등포구 영등포동8가,126.903240905,37.526233261,경상: 3<br>중상: 1,1,1
서울특별시 용산구 갈월동,126.972112909,37.548445251,중상: 1,2,2
서울특별시 용산구 동빙고동,126.994397523,37.527954678,경상: 2<br>중상: 1,1,1
서울특별시 용산구 보광동,127.000174408,37.526297302,경상: 3<br>중상: 1,1,1
서울특별시 용산구 신창동,126.955614182,37.534554677,중상: 1,3,3
서울특별시 용산구 용문동,126.960253143,37.537979984,경상: 1<br>중상: 2,1,1
서울특별시 용산구 용산동2가,126.98661715,37.540477893,경상: 3<br>중상: 1,9,9
서울특별시 용산구 용산동6가,126.985336507,37.525409691,부상신고: 1,1,1
서울특별시 용산구 원효로1가,126.964382428,37.538664143,경상: 1<br>부상신고: 1,1,1
서울특별시 용산구 원효로2가,126.962809367,37.535047657,경상: 2,4,4
서울특별시 용산구 원효로3가,126.95519707,37.532929448,경상: 1,1,1
서울특별시 용산구 이촌동,126.976193093,37.516814156,경상: 9<br>부상신고: 2<br>중상: 1,1,1
서울특별시 용산구 이태원동,126.995061354,37.532507372,경상: 2,2,2
서울특별시 용산구 청암동,126.947588303,37.53547425,중상: 1,4,4
서울특별시 용산구 청파동1가,126.970691461,37.546816954,경상: 3,2,2
서울특별시 용산구 청파동2가,126.969862628,37.545571034,경상: 1,2,2
서울특별시 용산구 청파동3가,126.96479374,37.543158109,경상: 1<br>중상: 1,12,12
서울특별시 용산구 한강로3가,126.962893435,37.532525651,경상: 3,3,3
서울특별시 용산구 한남동,127.002511722,37.533715474,경상: 2<br>중상: 1,5,5
서울특별시 용산구 효창동,126.961805248,37.542511302,중상: 2,3,3
서울특별시 용산구 후암동,126.978152123,37.548698912,경상: 5<br>중상: 1,3,3
서울특별시 은평구 갈현동,126.91819147,37.625300654,경상: 20<br>부상신고: 2<br>중상: 1,1,1
서울특별시 은평구 구산동,126.910734958,37.609853318,경상: 6<br>중상: 2,1,1
서울특별시 은평구 녹번동,126.928965846,37.605945539,경상: 8<br>부상신고: 1<br>중상: 2,2,2
서울특별시 은평구 대조동,126.920116885,37.617801123,경상: 7<br>중상: 2,1,1
서울특별시 은평구 불광동,126.93394813,37.620716667,경상: 12<br>부상신고: 3<br>중상: 4,1,1
서울특별시 은평구 신사동,126.909624023,37.595178883,경상: 9<br>부상신고: 2<br>중상: 2,2,2
서울특별시 은평구 역촌동,126.921872382,37.60654421,경상: 15<br>부상신고: 6<br>중상: 4,2,2
서울특별시 은평구 응암동,126.918505957,37.586041671,경상: 17<br>부상신고: 2<br>중상: 6,1,1
서울특별시 은평구 증산동,126.908949187,37.588432385,경상: 3<br>부상신고: 1<br>중상: 3,3,3
서울특별시 은평구 진관동,126.93930192,37.637890143,경상: 14<br>부상신고: 1<br>중상: 3,3,3
서울특별시 종로구 구기동,126.956602708,37.611293355,중상: 1,1,1
서울특별시 종로구 낙원동,126.988899914,37.571543711,경상: 1,6,6
서울특별시 종로구 누하동,126.969013244,37.578966609,경상: 1,2,2
서울특별시 종로구 동숭동,127.003996738,37.583049901,경상: 1<br>중상: 1,2,2
서울특별시 종로구 명륜1가,126.998282187,37.589978958,경상: 2,15,15
서울특별시 종로구 부암동,126.964289784,37.595446362,경상: 1,1,1
서울특별시 종로구 사직동,126.969916615,37.576599431,경상: 1,8,8
서울특별시 종로구 소격동,126.980406049,37.580104208,경상: 1,2,2
서울특별시 종로구 숭인동,127.021062234,37.576740667,경상: 2<br>중상: 1,20,20
서울특별시 종로구 신교동,126.969976125,37.58403607,경상: 1,2,2
서울특별시 종로구 신영동,126.959159745,37.601239406,부상신고: 1<br>중상: 1,5,5
서울특별시 종로구 안국동,126.985174959,37.577311747,중상: 1,1,1
서울특별시 종로구 연건동,126.996844686,37.579535531,경상: 1,3,3
서울특별시 종로구 연지동,126.998843749,37.573218859,부상신고: 1,1,1
서울특별시 종로구 이화동,127.004346236,37.576997223,경상: 1,2,2
서울특별시 종로구 재동,126.986172827,37.578286374,경상: 1,3,3
서울특별시 종로구 종로4가,126.995641309,37.570464927,부상신고: 1,4,4
서울특별시 종로구 창신동,127.013500633,37.572982423,경상: 4<br>중상: 1,1,1
서울특별시 종로구 체부동,126.972105962,37.57703255,부상신고: 1,8,8
서울특별시 종로구 평동,126.96529426,37.56830905,경상: 1<br>중상: 1,2,2
서울특별시 종로구 평창동,126.963279214,37.607944037,경상: 3<br>중상: 2,2,2
서울특별시 종로구 혜화동,127.001170793,37.588928134,부상신고: 1,9,9
서울특별시 중구 광희동2가,127.007196683,37.563535719,경상: 1,1,1
서울특별시 중구 남대문로1가,126.982517518,37.566486793,경상: 1,4,4
서울특별시 중구 신당동,127.008560589,37.553992615,경상: 11<br>부상신고: 4<br>중상: 4,4,4
서울특별시 중구 을지로6가,127.004214775,37.566544235,경상: 1,1,1
서울특별시 중구 의주로1가,126.96848746,37.564318995,경상: 1,3,3
서울특별시 중구 장충동1가,127.00783988,37.561907265,부상신고: 1,14,14
서울특별시 중구 중림동,126.964559807,37.558700452,부상신고: 1,1,1
서울특별시 중구 태평로1가,126.97834678,37.566700969,경상: 2,2,2
서울특별시 중구 태평로2가,126.97720526,37.563061375,경상: 1,7,7
서울특별시 중구 필동2가,126.995012994,37.55718267,중상: 1,3,3
서울특별시 중구 황학동,127.023273367,37.566583998,경상: 1<br>중상: 3,1,1
서울특별시 중구 회현동1가,126.979366733,37.556695389,경상: 1,2,2
서울특별시 중구 회현동2가,126.982939001,37.557718561,중상: 1,2,2
서울특별시 중구 흥인동,127.015891324,37.565653635,부상신고: 2,1,1
서울특별시 중랑구 망우동,127.09528512,37.59568364,경상: 17<br>부상신고: 2<br>중상: 2,7,7
서울특별시 중랑구 면목동,127.081801119,37.586547028,경상: 43<br>부상신고: 5<br>중상: 12,1,1
서울특별시 중랑구 묵동,127.078259004,37.613636147,경상: 18<br>부상신고: 4<br>중상: 4,5,5
서울특별시 중랑구 상봉동,127.078911829,37.592711755,경상: 4<br>부상신고: 6<br>중상: 4,1,1
서울특별시 중랑구 신내동,127.096802343,37.604033609,경상: 11<br>부상신고: 1<br>중상: 3,3,3
서울특별시 중랑구 중화동,127.079987477,37.601119581,경상: 6<br>부상신고: 8<br>중상: 4,9,9
